PadIdle,0,0,0,0,0,-0.0009274999,0,0,-0.09274999,0,0,-9.275,0,0,0
PadIdle,1,0,0,0,0,-0.0027043999,0,0,-0.17769,0,0,-8.494,0,0,0
PadIdle,2,0,0,0,0,-0.0053060995,0,0,-0.26016998,0,0,-8.248,0,0,0
PadIdle,3,0,0,0,0,-0.0087143,0,0,-0.34081998,0,0,-8.065,0,0,0
PadIdle,4,0,0,0,0,-0.0129162995,0,0,-0.4202,0,0,-7.938,0,0,0
PadIdle,5,0,0,0,0,-0.0178972,0,0,-0.49809,0,0,-7.789,0,0,0
PadIdle,6,0,0,0,0,-0.023633,0,0,-0.57358,0,0,-7.549,0,0,0
PadIdle,7,0,0,0,0,-0.030091599,0,0,-0.64586,0,0,-7.228,0,0,0
PadIdle,8,0,0,0,0,-0.0372376,0,0,-0.7146,0,0,-6.874,0,0,0
PadIdle,9,0,0,0,0,-0.0450329,0,0,-0.77953005,0,0,-6.493,0,0,0
PadIdle,10,0,0,0,0,-0.0534238,0,0,-0.83909005,0,0,-5.956,0,0,0
PadIdle,11,0,0,0,0,-0.0623333,0,0,-0.89095,0,0,-5.186,0,0,0
PadIdle,12,0,0,0,0,-0.0716549,0,0,-0.93216,0,0,-4.121,0,0,0
PadIdle,13,0,0,0,0,-0.0812377,0,0,-0.95828,0,0,-2.612,0,0,0
PadIdle,14,0,0,0,0,-0.0908737,0,0,-0.96360004,0,0,-0.532,0,0,0
PadIdle,15,0,0,0,0,-0.1003075,0,0,-0.94338006,0,0,2.022,0,0,0
PadIdle,16,0,0,0,0,-0.1092445,0,0,-0.89370006,0,0,4.968,0,0,0
PadIdle,17,0,0,0,0,-0.117351204,0,0,-0.8106701,0,0,8.303,0,0,0
Launch,18,0,0,0,0,-0.124250606,0,0,-0.6899401,0,0,12.073,0,0,0
Launch,19,0,0,0,0,-0.12965341,0,0,-0.5402801,0,0,14.966,0,0,0
Launch,20,0,0,0,0,-0.13342261,0,0,-0.3769201,0,0,16.336,0,0,0
Launch,21,0,0,0,0,-0.13553631,0,0,-0.21137011,0,0,16.555,0,0,0
Launch,22,0,0,0,0,-0.13598672,0,0,-0.045040116,0,0,16.633,0,0,0
Launch,23,0,0,0,0,-0.13472852,0,0,0.12581989,0,0,17.086,0,0,0
Launch,24,0,0,0,0,-0.13174953,0,0,0.2978999,0,0,17.208,0,0,0
Launch,25,0,0,0,0,-0.12703463,0,0,0.4714899,0,0,17.359,0,0,0
Launch,26,0,0,0,0,-0.120549634,0,0,0.6484999,0,0,17.701,0,0,0
Launch,27,0,0,0,0,-0.112253435,0,0,0.8296199,0,0,18.112,0,0,0
Launch,28,0,0,0,0,-0.10210314,0,0,1.0150299,0,0,18.541,0,0,0
Launch,29,0,0,0,0,-0.090036236,0,0,1.20669,0,0,19.166,0,0,0
Launch,30,0,0,0,0,-0.07598764,0,0,1.4048599,0,0,19.817,0,0,0
Launch,31,0,0,0,0,-0.05988004,0,0,1.6107599,0,0,20.59,0,0,0
Launch,32,0,0,0,0,-0.041621245,0,0,1.8258798,0,0,21.512,0,0,0
Launch,33,0,0,0,0,-0.021098746,0,0,2.05225,0,0,22.637,0,0,0
Launch,34,0,0,0,0,0.0018036515,0,0,2.2902398,0,0,23.799,0,0,0
Launch,35,0,0,0,0,0.02717775,0,0,2.5374098,0,0,24.717,0,0,0
Launch,36,0,0,0,0,0.055110946,0,0,2.7933197,0,0,25.591,0,0,0
Launch,37,0,0,0,0,0.085706845,0,0,3.0595896,0,0,26.627,0,0,0
Launch,38,0,0,0,0,0.11910464,0,0,3.3397796,0,0,28.019,0,0,0
Launch,39,0,0,0,0,0.15541613,0,0,3.6311495,0,0,29.137,0,0,0
Launch,40,0,0,0,0,0.19475512,0,0,3.9338994,0,0,30.275,0,0,0
Launch,41,0,0,0,0,0.23727642,0,0,4.2521296,0,0,31.823,0,0,0
Launch,42,0,0,0,0,0.2831389,0,0,4.5862494,0,0,33.412,0,0,0
Launch,43,0,0,0,0,0.3325235,0,0,4.9384594,0,0,35.221,0,0,0
Launch,44,0,0,0,0,0.3856319,0,0,5.310839,0,0,37.238,0,0,0
Launch,45,0,0,0,0,0.44265017,0,0,5.701829,0,0,39.099,0,0,0
Launch,46,0,0,0,0,0.50375515,0,0,6.110499,0,0,40.867,0,0,0
Launch,47,0,0,0,0,0.569127,0,0,6.537189,0,0,42.669,0,0,0
Launch,48,0,0,0,0,0.6389557,0,0,6.982869,0,0,44.568,0,0,0
Launch,49,0,0,0,0,0.7134439,0,0,7.448819,0,0,46.595,0,0,0
Launch,50,0,0,0,0,0.79277986,0,0,7.933599,0,0,48.478,0,0,0
Launch,51,0,0,0,0,0.87716764,0,0,8.438779,0,0,50.518,0,0,0
Launch,52,0,0,0,0,0.96681166,0,0,8.964399,0,0,52.562,0,0,0
Launch,53,0,0,0,0,1.0619347,0,0,9.5123,0,0,54.79,0,0,0
Launch,54,0,0,0,0,1.1627693,0,0,10.08346,0,0,57.116,0,0,0
Launch,55,0,0,0,0,1.2695125,0,0,10.67432,0,0,59.086,0,0,0
Launch,56,0,0,0,0,1.382308,0,0,11.279551,0,0,60.523,0,0,0
Launch,57,0,0,0,0,1.5012517,0,0,11.89437,0,0,61.482,0,0,0
Launch,58,0,0,0,0,1.6263531,0,0,12.51014,0,0,61.577,0,0,0
Launch,59,0,0,0,0,1.7576213,0,0,13.12681,0,0,61.667,0,0,0
Launch,60,0,0,0,0,1.895077,0,0,13.74557,0,0,61.876,0,0,0
Launch,61,0,0,0,0,2.038728,0,0,14.36511,0,0,61.954,0,0,0
Launch,62,0,0,0,0,2.268168,0,0,15.295996,0,0,62.059,0,0,0
Launch,63,0,0,0,0,2.494611,0,0,16.17451,0,0,62.751,0,0,0
Launch,64,0,0,0,0,2.7335665,0,0,17.068254,0,0,63.839,0,0,0
Launch,65,0,0,0,0,2.9662187,0,0,17.896315,0,0,63.697,0,0,0
Launch,66,0,0,0,0,3.209444,0,0,18.709646,0,0,62.564,0,0,0
Launch,67,0,0,0,0,3.4632812,0,0,19.525928,0,0,62.791,0,0,0
Launch,68,0,0,0,0,3.706824,0,0,20.295237,0,0,64.109,0,0,0
Launch,69,0,0,0,0,3.9815218,0,0,21.130604,0,0,64.259,0,0,0
Launch,70,0,0,0,0,4.2442384,0,0,21.89306,0,0,63.538,0,0,0
Launch,71,0,0,0,0,4.516216,0,0,22.664768,0,0,64.309,0,0,0
Launch,72,0,0,0,0,4.822005,0,0,23.522236,0,0,65.959,0,0,0
Launch,73,0,0,0,0,5.1390967,0,0,24.391676,0,0,66.88,0,0,0
Launch,74,0,0,0,0,5.493478,0,0,25.312918,0,0,65.803,0,0,0
Launch,75,0,0,0,0,5.8877554,0,0,26.285187,0,0,64.818,0,0,0
Launch,76,0,0,0,0,6.353904,0,0,27.420498,0,0,66.783,0,0,0
Launch,77,0,0,0,0,6.8991594,0,0,28.697678,0,0,67.22,0,0,0
Launch,78,0,0,0,0,7.6262355,0,0,30.29483,0,0,66.548,0,0,0
Launch,79,0,0,0,0,8.805382,0,0,32.754063,0,0,68.312,0,0,0
Launch,80,0,0,0,0,10.45226,0,0,35.8017,0,0,66.253,0,0,0
Launch,81,0,0,0,0,10.928869,0,0,36.662235,0,0,66.195,0,0,0
Launch,82,0,0,0,0,11.302131,0,0,37.326157,0,0,66.392,0,0,0
Launch,83,0,0,0,0,11.643351,0,0,37.9133,0,0,65.238,0,0,0
Launch,84,0,0,0,0,11.989807,0,0,38.49516,0,0,64.651,0,0,0
Launch,85,0,0,0,0,12.301916,0,0,39.013638,0,0,64.81,0,0,0
Launch,86,0,0,0,0,12.578228,0,0,39.473137,0,0,65.643,0,0,0
Launch,87,0,0,0,0,12.857777,0,0,39.935467,0,0,66.047,0,0,0
Launch,88,0,0,0,0,13.140571,0,0,40.399204,0,0,66.248,0,0,0
Launch,89,0,0,0,0,13.426614,0,0,40.86333,0,0,66.304,0,0,0
Launch,90,0,0,0,0,13.674171,0,0,41.259678,0,0,66.058,0,0,0
Launch,91,0,0,0,0,13.924086,0,0,41.652283,0,0,65.434,0,0,0
Launch,92,0,0,0,0,14.176345,0,0,42.04322,0,0,65.156,0,0,0
Launch,93,0,0,0,0,14.430951,0,0,42.434326,0,0,65.184,0,0,0
Launch,94,0,0,0,0,14.687918,0,0,42.8278,0,0,65.579,0,0,0
Launch,95,0,0,0,0,14.947269,0,0,43.22532,0,0,66.253,0,0,0
Launch,96,0,0,0,0,15.25311,0,0,43.691532,0,0,66.602,0,0,0
Launch,97,0,0,0,0,15.517661,0,0,44.091835,0,0,66.717,0,0,0
Launch,98,0,0,0,0,15.78462,0,0,44.493145,0,0,66.885,0,0,0
Launch,99,0,0,0,0,16.053995,0,0,44.895943,0,0,67.133,0,0,0
Launch,100,0,0,0,0,16.37159,0,0,45.37078,0,0,67.834,0,0,0
Launch,101,0,0,0,0,16.692549,0,0,45.85136,0,0,68.654,0,0,0
Launch,102,0,0,0,0,17.063797,0,0,46.406025,0,0,69.333,0,0,0
Launch,103,0,0,0,0,17.439482,0,0,46.96052,0,0,69.312,0,0,0
Launch,104,0,0,0,0,17.81956,0,0,47.50977,0,0,68.656,0,0,0
Launch,105,0,0,0,0,18.301598,0,0,48.203888,0,0,69.412,0,0,0
Launch,106,0,0,0,0,18.89012,0,0,49.04347,0,0,69.965,0,0,0
Launch,107,0,0,0,0,19.693007,0,0,50.18038,0,0,71.057,0,0,0
Launch,108,0,0,0,0,20.992702,0,0,51.98783,0,0,72.298,0,0,0
Launch,109,0,0,0,0,22.226852,0,0,53.658688,0,0,72.646,0,0,0
Launch,110,0,0,0,0,22.770601,0,0,54.37494,0,0,71.625,0,0,0
Launch,111,0,0,0,0,23.210155,0,0,54.944164,0,0,71.153,0,0,0
Launch,112,0,0,0,0,23.598238,0,0,55.440464,0,0,70.9,0,0,0
Launch,113,0,0,0,0,23.989792,0,0,55.936234,0,0,70.824,0,0,0
Launch,114,0,0,0,0,24.327969,0,0,56.36263,0,0,71.066,0,0,0
Launch,115,0,0,0,0,24.611578,0,0,56.721767,0,0,71.828,0,0,0
Launch,116,0,0,0,0,24.954563,0,0,57.16425,0,0,73.747,0,0,0
Launch,117,0,0,0,0,25.242271,0,0,57.541508,0,0,75.452,0,0,0
Launch,118,0,0,0,0,25.590273,0,0,58.000122,0,0,76.436,0,0,0
Launch,119,0,0,0,0,25.882204,0,0,58.386417,0,0,77.259,0,0,0
Launch,120,0,0,0,0,26.176067,0,0,58.772636,0,0,77.244,0,0,0
Launch,121,0,0,0,0,26.471855,0,0,59.15752,0,0,76.977,0,0,0
Launch,122,0,0,0,0,26.769545,0,0,59.537746,0,0,76.045,0,0,0
Launch,123,0,0,0,0,27.069094,0,0,59.909706,0,0,74.392,0,0,0
Launch,124,0,0,0,0,27.370472,0,0,60.275677,0,0,73.194,0,0,0
Launch,125,0,0,0,0,27.73475,0,0,60.712986,0,0,72.885,0,0,0
Launch,126,0,0,0,0,28.040134,0,0,61.076656,0,0,72.734,0,0,0
Launch,127,0,0,0,0,28.409233,0,0,61.516403,0,0,73.291,0,0,0
Launch,128,0,0,0,0,28.780998,0,0,61.960823,0,0,74.07,0,0,0
Launch,129,0,0,0,0,29.218424,0,0,62.489338,0,0,75.502,0,0,0
Launch,130,0,0,0,0,29.723251,0,0,63.103474,0,0,76.767,0,0,0
Launch,131,0,0,0,0,30.361992,0,0,63.874123,0,0,77.065,0,0,0
Launch,132,0,0,0,0,31.33714,0,0,65.009865,0,0,75.716,0,0,0
Launch,133,0,0,0,0,32.80287,0,0,66.62421,0,0,73.379,0,0,0
Launch,134,0,0,0,0,33.749393,0,0,67.60881,0,0,70.329,0,0,0
Launch,135,0,0,0,0,34.29473,0,0,68.167336,0,0,69.816,0,0,0
Launch,136,0,0,0,0,34.775387,0,0,68.66524,0,0,71.129,0,0,0
Launch,137,0,0,0,0,35.189964,0,0,69.0964,0,0,71.86,0,0,0
Launch,138,0,0,0,0,35.607136,0,0,69.52888,0,0,72.08,0,0,0
Launch,139,0,0,0,0,35.956577,0,0,69.88812,0,0,71.849,0,0,0
Launch,140,0,0,0,0,36.307796,0,0,70.244064,0,0,71.188,0,0,0
Launch,141,0,0,0,0,36.660778,0,0,70.59661,0,0,70.509,0,0,0
Launch,142,0,0,0,0,37.015503,0,0,70.94498,0,0,69.673,0,0,0
Launch,143,0,0,0,0,37.37195,0,0,71.28942,0,0,68.889,0,0,0
Launch,144,0,0,0,0,37.73012,0,0,71.634415,0,0,68.998,0,0,0
Launch,145,0,0,0,0,38.09003,0,0,71.982,0,0,69.517,0,0,0
Launch,146,0,0,0,0,38.451687,0,0,72.33093,0,0,69.786,0,0,0
Launch,147,0,0,0,0,38.815086,0,0,72.67972,0,0,69.757,0,0,0
Launch,148,0,0,0,0,39.18023,0,0,73.02862,0,0,69.78,0,0,0
Launch,149,0,0,0,0,39.547123,0,0,73.3785,0,0,69.977,0,0,0
Launch,150,0,0,0,0,39.98992,0,0,73.79998,0,0,70.246,0,0,0
Launch,151,0,0,0,0,40.43527,0,0,74.22464,0,0,70.777,0,0,0
Launch,152,0,0,0,0,40.88319,0,0,74.65345,0,0,71.468,0,0,0
Launch,153,0,0,0,0,41.48504,0,0,75.23097,0,0,72.19,0,0,0
Launch,154,0,0,0,0,42.398262,0,0,76.101814,0,0,72.57,0,0,0
Launch,155,0,0,0,0,43.71325,0,0,77.35208,0,0,73.545,0,0,0
Launch,156,0,0,0,0,45.290184,0,0,78.8467,0,0,74.731,0,0,0
Launch,157,0,0,0,0,45.845665,0,0,79.35448,0,0,72.539,0,0,0
Launch,158,0,0,0,0,46.32442,0,0,79.792854,0,0,73.063,0,0,0
Launch,159,0,0,0,0,46.805836,0,0,80.235825,0,0,73.829,0,0,0
Launch,160,0,0,0,0,47.208878,0,0,80.60872,0,0,74.579,0,0,0
Launch,161,0,0,0,0,47.61379,0,0,80.98252,0,0,74.76,0,0,0
Launch,162,0,0,0,0,48.02057,0,0,81.356026,0,0,74.701,0,0,0
Launch,163,0,0,0,0,48.429226,0,0,81.7317,0,0,75.135,0,0,0
Launch,164,0,0,0,0,48.839794,0,0,82.11352,0,0,76.364,0,0,0
Launch,165,0,0,0,0,49.252293,0,0,82.50001,0,0,77.298,0,0,0
Launch,166,0,0,0,0,49.750034,0,0,82.95684,0,0,76.139,0,0,0
Launch,167,0,0,0,0,50.166683,0,0,83.32961,0,0,74.554,0,0,0
Launch,168,0,0,0,0,50.669323,0,0,83.773346,0,0,73.956,0,0,0
Launch,169,0,0,0,0,51.174625,0,0,84.21687,0,0,73.921,0,0,0
Launch,170,0,0,0,0,51.767815,0,0,84.741325,0,0,74.922,0,0,0
Launch,171,0,0,0,0,52.622803,0,0,85.498665,0,0,75.734,0,0,0
Launch,172,0,0,0,0,53.7469,0,0,86.46904,0,0,74.644,0,0,0
Launch,173,0,0,0,0,55.594944,0,0,88.00208,0,0,73.002,0,0,0
Launch,174,0,0,0,0,56.392704,0,0,88.640114,0,0,70.892,0,0,0
Launch,175,0,0,0,0,57.016666,0,0,89.137634,0,0,71.074,0,0,0
Launch,176,0,0,0,0,57.554066,0,0,89.56684,0,0,71.534,0,0,0
Launch,177,0,0,0,0,58.094048,0,0,89.99728,0,0,71.739,0,0,0
Launch,178,0,0,0,0,58.545826,0,0,90.355736,0,0,71.692,0,0,0
Launch,179,0,0,0,0,58.99937,0,0,90.70862,0,0,70.577,0,0,0
Launch,180,0,0,0,0,59.45465,0,0,91.055725,0,0,69.422,0,0,0
Launch,181,0,0,0,0,60.00347,0,0,91.469864,0,0,69.023,0,0,0
Launch,182,0,0,0,0,60.462543,0,0,91.81457,0,0,68.941,0,0,0
Launch,183,0,0,0,0,61.015915,0,0,92.228584,0,0,69.003,0,0,0
Launch,184,0,0,0,0,61.571777,0,0,92.64368,0,0,69.182,0,0,0
Launch,185,0,0,0,0,62.3174,0,0,93.203156,0,0,69.935,0,0,0
Launch,186,0,0,0,0,63.25651,0,0,93.9111,0,0,70.795,0,0,0
Launch,187,0,0,0,0,64.68107,0,0,94.97049,0,0,70.626,0,0,0
Launch,188,0,0,0,0,66.804726,0,0,96.529785,0,0,70.877,0,0,0
Launch,189,0,0,0,0,67.58163,0,0,97.11275,0,0,72.87,0,0,0
Launch,190,0,0,0,0,68.16697,0,0,97.55651,0,0,73.961,0,0,0
Launch,191,0,0,0,0,68.754974,0,0,98.00058,0,0,74.011,0,0,0
Launch,192,0,0,0,0,69.34559,0,0,98.43585,0,0,72.546,0,0,0
Launch,193,0,0,0,0,69.839554,0,0,98.79368,0,0,71.566,0,0,0
Launch,194,0,0,0,0,70.4349,0,0,99.2243,0,0,71.77,0,0,0
Launch,195,0,0,0,0,71.03285,0,0,99.65895,0,0,72.442,0,0,0
Launch,196,0,0,0,0,71.63347,0,0,100.10299,0,0,74.006,0,0,0
Launch,197,0,0,0,0,72.43914,0,0,100.70865,0,0,75.707,0,0,0
Launch,198,0,0,0,0,73.45395,0,0,101.481125,0,0,77.248,0,0,0
Launch,199,0,0,0,0,75.09711,0,0,102.69722,0,0,76.006,0,0,0
Launch,200,0,0,0,0,77.49824,0,0,104.39703,0,0,73.905,0,0,0
Launch,201,0,0,0,0,78.23257,0,0,104.90442,0,0,72.484,0,0,0
Launch,202,0,0,0,0,78.86457,0,0,105.33428,0,0,71.644,0,0,0
Launch,203,0,0,0,0,79.49913,0,0,105.75989,0,0,70.934,0,0,0
Launch,204,0,0,0,0,80.2429,0,0,106.25225,0,0,70.338,0,0,0
Launch,205,0,0,0,0,80.88291,0,0,106.66941,0,0,69.527,0,0,0
Launch,206,0,0,0,0,81.632935,0,0,107.14612,0,0,68.101,0,0,0
Launch,207,0,0,0,0,82.60263,0,0,107.74373,0,0,66.401,0,0,0
Launch,208,0,0,0,0,83.90513,0,0,108.54122,0,0,66.458,0,0,0
Launch,209,0,0,0,0,85.992226,0,0,109.847336,0,0,68.743,0,0,0
Launch,210,0,0,0,0,87.87967,0,0,111.02593,0,0,69.329,0,0,0
Launch,211,0,0,0,0,88.77226,0,0,111.57429,0,0,68.544,0,0,0
Launch,212,0,0,0,0,89.55667,0,0,112.05793,0,0,69.092,0,0,0
Launch,213,0,0,0,0,90.34446,0,0,112.540726,0,0,68.971,0,0,0
Launch,214,0,0,0,0,91.13561,0,0,113.02138,0,0,68.665,0,0,0
Launch,215,0,0,0,0,92.04417,0,0,113.568954,0,0,68.447,0,0,0
Launch,216,0,0,0,0,93.07179,0,0,114.18066,0,0,67.967,0,0,0
Launch,217,0,0,0,0,94.56764,0,0,115.0655,0,0,68.065,0,0,0
Launch,218,0,0,0,0,96.779,0,0,116.387115,0,0,69.559,0,0,0
Launch,219,0,0,0,0,97.94969,0,0,117.068886,0,0,68.177,0,0,0
Launch,220,0,0,0,0,98.89049,0,0,117.59924,0,0,66.295,0,0,0
Launch,221,0,0,0,0,99.59845,0,0,117.99323,0,0,65.665,0,0,0
Launch,222,0,0,0,0,100.42766,0,0,118.457825,0,0,66.37,0,0,0
Launch,223,0,0,0,0,101.2601,0,0,118.920135,0,0,66.044,0,0,0
Launch,224,0,0,0,0,102.4558,0,0,119.57052,0,0,65.038,0,0,0
Launch,225,0,0,0,0,104.14248,0,0,120.47671,0,0,64.728,0,0,0
Launch,226,0,0,0,0,106.701515,0,0,121.85891,0,0,65.819,0,0,0
Launch,227,0,0,0,0,107.80351,0,0,122.44373,0,0,64.98,0,0,0
Launch,228,0,0,0,0,108.66379,0,0,122.89669,0,0,64.708,0,0,0
Launch,229,0,0,0,0,109.52724,0,0,123.350075,0,0,64.769,0,0,0
Launch,230,0,0,0,0,110.39389,0,0,123.808136,0,0,65.437,0,0,0
Launch,231,0,0,0,0,111.38846,0,0,124.32128,0,0,64.143,0,0,0
Launch,232,0,0,0,0,112.889275,0,0,125.06799,0,0,62.226,0,0,0
Launch,233,0,0,0,0,114.906204,0,0,126.058266,0,0,61.892,0,0,0
Launch,234,0,0,0,0,118.22481,0,0,127.63865,0,0,60.784,0,0,0
Launch,235,0,0,0,0,119.37832,0,0,128.16785,0,0,58.799,0,0,0
Launch,236,0,0,0,0,120.40744,0,0,128.63991,0,0,59.007,0,0,0
Launch,237,0,0,0,0,121.31088,0,0,129.0634,0,0,60.499,0,0,0
Launch,238,0,0,0,0,122.47744,0,0,129.61732,0,0,61.547,0,0,0
Launch,239,0,0,0,0,124.041595,0,0,130.34634,0,0,60.751,0,0,0
Launch,240,0,0,0,0,126.27463,0,0,131.35483,0,0,59.323,0,0,0
Launch,241,0,0,0,0,128.25806,0,0,132.22893,0,0,58.273,0,0,0
Launch,242,0,0,0,0,129.45293,0,0,132.76376,0,0,59.427,0,0,0
Launch,243,0,0,0,0,130.51888,0,0,133.2443,0,0,60.066,0,0,0
Launch,244,0,0,0,0,131.72296,0,0,133.788,0,0,60.412,0,0,0
Launch,245,0,0,0,0,133.47246,0,0,134.57713,0,0,60.703,0,0,0
Launch,246,0,0,0,0,136.18811,0,0,135.78265,0,0,60.276,0,0,0
Launch,247,0,0,0,0,137.55183,0,0,136.37288,0,0,59.023,0,0,0
Launch,248,0,0,0,0,138.64659,0,0,136.84386,0,0,58.872,0,0,0
Launch,249,0,0,0,0,140.02107,0,0,137.44801,0,0,60.415,0,0,0
Launch,250,0,0,0,0,141.9574,0,0,138.30865,0,0,61.474,0,0,0
Launch,251,0,0,0,0,144.88919,0,0,139.60902,0,0,61.922,0,0,0
Launch,252,0,0,0,0,146.2917,0,0,140.25075,0,0,64.173,0,0,0
Launch,253,0,0,0,0,147.41791,0,0,140.77542,0,0,65.584,0,0,0
Launch,254,0,0,0,0,148.5483,0,0,141.29767,0,0,65.281,0,0,0
Launch,255,0,0,0,0,149.68268,0,0,141.7979,0,0,62.529,0,0,0
Launch,256,0,0,0,0,151.67929,0,0,142.61473,0,0,58.345,0,0,0
Launch,257,0,0,0,0,154.55301,0,0,143.68599,0,0,53.563,0,0,0
Launch,258,0,0,0,0,155.41696,0,0,143.99274,0,0,51.124,0,0,0
Launch,259,0,0,0,0,156.28271,0,0,144.29283,0,0,50.015,0,0,0
Launch,260,0,0,0,0,157.15025,0,0,144.59047,0,0,49.606,0,0,0
Coast,261,0,0,0,0,158.01959,0,0,144.88947,0,0,49.832,0,0,0
Coast,262,0,0,0,0,159.18188,0,0,145.28711,0,0,49.705,0,0,0
Coast,263,0,0,0,0,160.93242,0,0,145.87825,0,0,49.262,0,0,0
Coast,264,0,0,0,0,163.42673,0,0,146.72429,0,0,49.767,0,0,0
Coast,265,0,0,0,0,164.45628,0,0,147.07898,0,0,50.669,0,0,0
Coast,266,0,0,0,0,165.34058,0,0,147.38089,0,0,50.319,0,0,0
Coast,267,0,0,0,0,166.3746,0,0,147.7181,0,0,48.171,0,0,0
Coast,268,0,0,0,0,167.41086,0,0,148.03722,0,0,45.588,0,0,0
Coast,269,0,0,0,0,168.8955,0,0,148.46275,0,0,42.554,0,0,0
Coast,270,0,0,0,0,171.13118,0,0,149.04582,0,0,38.871,0,0,0
Coast,271,0,0,0,0,173.07478,0,0,149.50853,0,0,35.593,0,0,0
Coast,272,0,0,0,0,174.27281,0,0,149.7534,0,0,30.609,0,0,0
Coast,273,0,0,0,0,175.32239,0,0,149.93883,0,0,26.489,0,0,0
Coast,274,0,0,0,0,176.37311,0,0,150.10396,0,0,23.589,0,0,0
Coast,275,0,0,0,0,177.72581,0,0,150.30156,0,0,21.955,0,0,0
Coast,276,0,0,0,0,179.98482,0,0,150.60062,0,0,19.937,0,0,0
Coast,277,0,0,0,0,183.0025,0,0,150.88435,0,0,14.187,0,0,0
Coast,278,0,0,0,0,183.90813,0,0,150.93703,0,0,8.778,0,0,0
Coast,279,0,0,0,0,184.814,0,0,150.97917,0,0,7.023,0,0,0
Coast,280,0,0,0,0,185.87112,0,0,151.01845,0,0,5.61,0,0,0
Coast,281,0,0,0,0,187.0795,0,0,151.04651,0,0,3.507,0,0,0
Coast,282,0,0,0,0,188.89201,0,0,151.04271,0,0,-0.317,0,0,0
Coast,283,0,0,0,0,191.75974,0,0,150.93254,0,0,-5.798,0,0,0
Coast,284,0,0,0,0,192.665,0,0,150.87694,0,0,-9.266,0,0,0
Coast,285,0,0,0,0,193.56989,0,0,150.81659,0,0,-10.059,0,0,0
Coast,286,0,0,0,0,194.62514,0,0,150.74927,0,0,-9.618,0,0,0
Coast,287,0,0,0,0,195.83057,0,0,150.67809,0,0,-8.898,0,0,0
Coast,288,0,0,0,0,197.63747,0,0,150.57529,0,0,-8.567,0,0,0
Coast,289,0,0,0,0,200.34464,0,0,150.39865,0,0,-9.813,0,0,0
Coast,290,0,0,0,0,201.99763,0,0,150.27277,0,0,-11.444,0,0,0
Coast,291,0,0,0,0,203.3491,0,0,150.16339,0,0,-12.152,0,0,0
Coast,292,0,0,0,0,205.29915,0,0,150.00346,0,0,-12.302,0,0,0
Coast,293,0,0,0,0,207.54619,0,0,149.80296,0,0,-13.367,0,0,0
Coast,294,0,0,0,0,210.98376,0,0,149.45985,0,0,-14.918,0,0,0
Coast,295,0,0,0,0,213.52017,0,0,149.20087,0,0,-15.235,0,0,0
Coast,296,0,0,0,0,215.01062,0,0,149.04556,0,0,-15.53,0,0,0
Coast,297,0,0,0,0,216.94559,0,0,148.84323,0,0,-15.564,0,0,0
Coast,298,0,0,0,0,219.6197,0,0,148.5624,0,0,-15.602,0,0,0
Coast,299,0,0,0,0,221.54834,0,0,148.35689,0,0,-15.808,0,0,0
Coast,300,0,0,0,0,222.58604,0,0,148.2442,0,0,-16.099,0,0,0
Coast,301,0,0,0,0,223.62296,0,0,148.12943,0,0,-16.397,0,0,0
Coast,302,0,0,0,0,224.80693,0,0,147.99641,0,0,-16.626,0,0,0
Coast,303,0,0,0,0,226.43282,0,0,147.80832,0,0,-17.1,0,0,0
Coast,304,0,0,0,0,228.94032,0,0,147.5005,0,0,-18.107,0,0,0
Coast,305,0,0,0,0,229.67735,0,0,147.40623,0,0,-18.854,0,0,0
Coast,306,0,0,0,0,230.5611,0,0,147.29114,0,0,-19.182,0,0,0
Coast,307,0,0,0,0,231.14995,0,0,147.21388,0,0,-19.313,0,0,0
Coast,308,0,0,0,0,231.88553,0,0,147.11714,0,0,-19.349,0,0,0
Coast,309,0,0,0,0,232.76755,0,0,147.00214,0,0,-19.167,0,0,0
Coast,310,0,0,0,0,233.79565,0,0,146.87132,0,0,-18.687,0,0,0
Coast,311,0,0,0,0,235.26259,0,0,146.69267,0,0,-17.865,0,0,0
Coast,312,0,0,0,0,237.45897,0,0,146.42522,0,0,-17.83,0,0,0
Coast,313,0,0,0,0,238.33684,0,0,146.31267,0,0,-18.757,0,0,0
Coast,314,0,0,0,0,238.92178,0,0,146.23564,0,0,-19.255,0,0,0
Coast,315,0,0,0,0,239.65247,0,0,146.13728,0,0,-19.671,0,0,0
Coast,316,0,0,0,0,240.38264,0,0,146.03673,0,0,-20.11,0,0,0
Coast,317,0,0,0,0,241.11232,0,0,145.93369,0,0,-20.609,0,0,0
Coast,318,0,0,0,0,242.13281,0,0,145.78525,0,0,-21.206,0,0,0
Coast,319,0,0,0,0,243.58846,0,0,145.56448,0,0,-22.077,0,0,0
Coast,320,0,0,0,0,245.76672,0,0,145.2174,0,0,-23.138,0,0,0
Coast,321,0,0,0,0,246.78207,0,0,145.0505,0,0,-23.844,0,0,0
Coast,322,0,0,0,0,247.6515,0,0,144.9048,0,0,-24.285,0,0,0
Coast,323,0,0,0,0,248.52005,0,0,144.7569,0,0,-24.651,0,0,0
Coast,324,0,0,0,0,249.3877,0,0,144.60744,0,0,-24.909,0,0,0
Coast,325,0,0,0,0,250.25444,0,0,144.45738,0,0,-25.01,0,0,0
Coast,326,0,0,0,0,251.12029,0,0,144.30722,0,0,-25.026,0,0,0
Coast,327,0,0,0,0,252.56085,0,0,144.05682,0,0,-25.039,0,0,0
Coast,328,0,0,0,0,254.71606,0,0,143.68073,0,0,-25.073,0,0,0
Coast,329,0,0,0,0,256.2935,0,0,143.40147,0,0,-25.386,0,0,0
Coast,330,0,0,0,0,257.15295,0,0,143.24693,0,0,-25.758,0,0,0
Coast,331,0,0,0,0,258.0115,0,0,143.09042,0,0,-26.084,0,0,0
Coast,332,0,0,0,0,258.8691,0,0,142.93175,0,0,-26.447,0,0,0
Coast,333,0,0,0,0,259.72574,0,0,142.77032,0,0,-26.905,0,0,0
Coast,334,0,0,0,0,261.00845,0,0,142.52257,0,0,-27.528,0,0,0
Coast,335,0,0,0,0,262.85645,0,0,142.15298,0,0,-28.429,0,0,0
Coast,336,0,0,0,0,265.40576,0,0,141.62924,0,0,-29.097,0,0,0
Coast,337,0,0,0,0,266.39572,0,0,141.42365,0,0,-29.37,0,0,0
Coast,338,0,0,0,0,267.2432,0,0,141.24721,0,0,-29.407,0,0,0
Coast,339,0,0,0,0,268.3713,0,0,141.01247,0,0,-29.343,0,0,0
Coast,340,0,0,0,0,269.63806,0,0,140.75027,0,0,-29.133,0,0,0
Coast,341,0,0,0,0,271.74286,0,0,140.31937,0,0,-28.727,0,0,0
Coast,342,0,0,0,0,274.12,0,0,139.83206,0,0,-28.665,0,0,0
Coast,343,0,0,0,0,275.23682,0,0,139.60106,0,0,-28.876,0,0,0
Coast,344,0,0,0,0,276.35178,0,0,139.3684,0,0,-29.084,0,0,0
Coast,345,0,0,0,0,277.74252,0,0,139.07391,0,0,-29.448,0,0,0
Coast,346,0,0,0,0,279.8219,0,0,138.62413,0,0,-29.986,0,0,0
Coast,347,0,0,0,0,282.857,0,0,137.95825,0,0,-30.267,0,0,0
Coast,348,0,0,0,0,284.09616,0,0,137.68495,0,0,-30.367,0,0,0
Coast,349,0,0,0,0,285.47,0,0,137.38277,0,0,-30.219,0,0,0
Coast,350,0,0,0,0,287.25092,0,0,136.9944,0,0,-29.874,0,0,0
Coast,351,0,0,0,0,289.979,0,0,136.40434,0,0,-29.503,0,0,0
Coast,352,0,0,0,0,291.8829,0,0,135.99205,0,0,-29.449,0,0,0
Coast,353,0,0,0,0,293.37524,0,0,135.66766,0,0,-29.49,0,0,0
Coast,354,0,0,0,0,294.999,0,0,135.31114,0,0,-29.71,0,0,0
Coast,355,0,0,0,0,296.75296,0,0,134.92143,0,0,-29.978,0,0,0
Coast,356,0,0,0,0,299.43933,0,0,134.31903,0,0,-30.12,0,0,0
Coast,357,0,0,0,0,301.58075,0,0,133.83934,0,0,-29.981,0,0,0
Coast,358,0,0,0,0,303.84744,0,0,133.33511,0,0,-29.66,0,0,0
Coast,359,0,0,0,0,307.16257,0,0,132.60541,0,0,-29.188,0,0,0
Coast,360,0,0,0,0,312.15982,0,0,131.50668,0,0,-28.914,0,0,0
Coast,361,0,0,0,0,317.11572,0,0,130.41878,0,0,-28.629,0,0,0
Coast,362,0,0,0,0,323.56683,0,0,129.02213,0,0,-27.933,0,0,0
Coast,363,0,0,0,0,329.94806,0,0,127.62433,0,0,-27.956,0,0,0
Coast,364,0,0,0,0,336.261,0,0,126.25868,0,0,-27.313,0,0,0
Coast,365,0,0,0,0,342.5074,0,0,124.92778,0,0,-26.618,0,0,0
Coast,366,0,0,0,0,348.68732,0,0,123.59848,0,0,-26.586,0,0,0
Coast,367,0,0,0,0,354.80188,0,0,122.29148,0,0,-26.14,0,0,0
Coast,368,0,0,0,0,360.85217,0,0,121.005684,0,0,-25.716,0,0,0
Coast,369,0,0,0,0,366.83862,0,0,119.72874,0,0,-25.539,0,0,0
Coast,370,0,0,0,0,372.76315,0,0,118.490486,0,0,-24.765,0,0,0
Coast,371,0,0,0,0,378.62534,0,0,117.24389,0,0,-24.932,0,0,0
Coast,372,0,0,0,0,381.65698,0,0,116.601974,0,0,-24.689,0,0,0
Coast,373,0,0,0,0,385.36313,0,0,115.8173,0,0,-24.521,0,0,0
Coast,374,0,0,0,0,387.7846,0,0,115.30832,0,0,-24.237,0,0,0
Coast,375,0,0,0,0,391.4501,0,0,114.54633,0,0,-23.812,0,0,0
Coast,376,0,0,0,0,393.95868,0,0,114.025795,0,0,-23.661,0,0,0
Coast,377,0,0,0,0,396.90717,0,0,113.403404,0,0,-23.938,0,0,0
Coast,378,0,0,0,0,399.7272,0,0,112.80093,0,0,-24.099,0,0,0
Coast,379,0,0,0,0,400.74045,0,0,112.58408,0,0,-24.094,0,0,0
Coast,380,0,0,0,0,401.8639,0,0,112.34551,0,0,-23.857,0,0,0
Coast,381,0,0,0,0,403.32043,0,0,112.04128,0,0,-23.402,0,0,0
Coast,382,0,0,0,0,405.55212,0,0,111.585205,0,0,-22.804,0,0,0
Coast,383,0,0,0,0,406.99893,0,0,111.29208,0,0,-22.548,0,0,0
Coast,384,0,0,0,0,407.99875,0,0,111.08973,0,0,-22.484,0,0,0
Coast,385,0,0,0,0,408.99673,0,0,110.887184,0,0,-22.505,0,0,0
Coast,386,0,0,0,0,410.21375,0,0,110.6385,0,0,-22.608,0,0,0
Coast,387,0,0,0,0,411.8682,0,0,110.29587,0,0,-22.842,0,0,0
Coast,388,0,0,0,0,414.28357,0,0,109.7893,0,0,-23.026,0,0,0
Coast,389,0,0,0,0,416.579,0,0,109.306046,0,0,-23.012,0,0,0
Coast,390,0,0,0,0,418.32205,0,0,108.94014,0,0,-22.869,0,0,0
Coast,391,0,0,0,0,420.49182,0,0,108.48842,0,0,-22.586,0,0,0
Coast,392,0,0,0,0,423.61935,0,0,107.84598,0,0,-22.153,0,0,0
Coast,393,0,0,0,0,427.04794,0,0,107.14326,0,0,-21.96,0,0,0
Coast,394,0,0,0,0,429.8189,0,0,106.575264,0,0,-21.846,0,0,0
Coast,395,0,0,0,0,433.9421,0,0,105.72343,0,0,-21.842,0,0,0
Coast,396,0,0,0,0,439.17435,0,0,104.64468,0,0,-21.575,0,0,0
Coast,397,0,0,0,0,441.6733,0,0,104.12378,0,0,-21.704,0,0,0
Coast,398,0,0,0,0,443.7472,0,0,103.69446,0,0,-21.466,0,0,0
Coast,399,0,0,0,0,446.9417,0,0,103.04932,0,0,-20.811,0,0,0
Coast,400,0,0,0,0,448.38037,0,0,102.76137,0,0,-20.568,0,0,0
Coast,401,0,0,0,0,449.50827,0,0,102.53576,0,0,-20.51,0,0,0
Coast,402,0,0,0,0,450.5316,0,0,102.33073,0,0,-20.503,0,0,0
Coast,403,0,0,0,0,451.7566,0,0,102.0838,0,0,-20.577,0,0,0
Coast,404,0,0,0,0,453.28317,0,0,101.772354,0,0,-20.763,0,0,0
Coast,405,0,0,0,0,455.6127,0,0,101.283585,0,0,-21.251,0,0,0
Coast,406,0,0,0,0,456.92575,0,0,101.00386,0,0,-21.517,0,0,0
Coast,407,0,0,0,0,457.7324,0,0,100.83112,0,0,-21.592,0,0,0
Coast,408,0,0,0,0,458.3366,0,0,100.701584,0,0,-21.59,0,0,0
Coast,409,0,0,0,0,459.04047,0,0,100.55087,0,0,-21.53,0,0,0
Coast,410,0,0,0,0,459.7433,0,0,100.401085,0,0,-21.398,0,0,0
Coast,411,0,0,0,0,460.54514,0,0,100.23168,0,0,-21.175,0,0,0
Coast,412,0,0,0,0,461.54538,0,0,100.02335,0,0,-20.833,0,0,0
Coast,413,0,0,0,0,462.94174,0,0,99.7391,0,0,-20.304,0,0,0
Coast,414,0,0,0,0,465.22534,0,0,99.287445,0,0,-19.637,0,0,0
Coast,415,0,0,0,0,466.0184,0,0,99.13215,0,0,-19.412,0,0,0
Coast,416,0,0,0,0,466.6125,0,0,99.01628,0,0,-19.311,0,0,0
Coast,417,0,0,0,0,467.2059,0,0,98.90069,0,0,-19.265,0,0,0
Coast,418,0,0,0,0,467.7986,0,0,98.78511,0,0,-19.263,0,0,0
Coast,419,0,0,0,0,468.39063,0,0,98.66929,0,0,-19.304,0,0,0
Coast,420,0,0,0,0,469.08035,0,0,98.533554,0,0,-19.391,0,0,0
Coast,421,0,0,0,0,469.76913,0,0,98.396484,0,0,-19.581,0,0,0
Coast,422,0,0,0,0,470.8491,0,0,98.17711,0,0,-19.943,0,0,0
Coast,423,0,0,0,0,472.41467,0,0,97.84938,0,0,-20.483,0,0,0
Coast,424,0,0,0,0,473.6832,0,0,97.578476,0,0,-20.839,0,0,0
Coast,425,0,0,0,0,474.36523,0,0,97.43177,0,0,-20.958,0,0,0
Coast,426,0,0,0,0,474.94907,0,0,97.30581,0,0,-20.993,0,0,0
Coast,427,0,0,0,0,475.53214,0,0,97.179955,0,0,-20.976,0,0,0
Coast,428,0,0,0,0,476.11447,0,0,97.05449,0,0,-20.911,0,0,0
Coast,429,0,0,0,0,476.69604,0,0,96.92971,0,0,-20.797,0,0,0
Coast,430,0,0,0,0,477.2769,0,0,96.80595,0,0,-20.627,0,0,0
Coast,431,0,0,0,0,478.05002,0,0,96.6429,0,0,-20.381,0,0,0
Coast,432,0,0,0,0,479.01443,0,0,96.44284,0,0,-20.006,0,0,0
Coast,433,0,0,0,0,480.55258,0,0,96.133545,0,0,-19.331,0,0,0
Coast,434,0,0,0,0,482.18143,0,0,95.81474,0,0,-18.753,0,0,0
Coast,435,0,0,0,0,482.85123,0,0,95.68466,0,0,-18.583,0,0,0
Coast,436,0,0,0,0,483.42468,0,0,95.57368,0,0,-18.498,0,0,0
Coast,437,0,0,0,0,483.9021,0,0,95.48138,0,0,-18.46,0,0,0
Coast,438,0,0,0,0,484.47433,0,0,95.37044,0,0,-18.49,0,0,0
Coast,439,0,0,0,0,485.0459,0,0,95.25908,0,0,-18.56,0,0,0
Coast,440,0,0,0,0,485.6168,0,0,95.14702,0,0,-18.677,0,0,0
Coast,441,0,0,0,0,486.37677,0,0,94.99615,0,0,-18.859,0,0,0
Coast,442,0,0,0,0,487.32483,0,0,94.804535,0,0,-19.161,0,0,0
Coast,443,0,0,0,0,488.83667,0,0,94.490265,0,0,-19.642,0,0,0
Coast,444,0,0,0,0,490.62473,0,0,94.10791,0,0,-20.124,0,0,0
Coast,445,0,0,0,0,491.2825,0,0,93.96617,0,0,-20.248,0,0,0
Coast,446,0,0,0,0,491.84558,0,0,93.84448,0,0,-20.281,0,0,0
Coast,447,0,0,0,0,492.40793,0,0,93.7229,0,0,-20.264,0,0,0
Coast,448,0,0,0,0,492.96954,0,0,93.60169,0,0,-20.201,0,0,0
Coast,449,0,0,0,0,493.53043,0,0,93.4812,0,0,-20.082,0,0,0
Coast,450,0,0,0,0,494.1838,0,0,93.34196,0,0,-19.892,0,0,0
Coast,451,0,0,0,0,494.9293,0,0,93.18499,0,0,-19.621,0,0,0
Coast,452,0,0,0,0,496.04474,0,0,92.954636,0,0,-19.196,0,0,0
Coast,453,0,0,0,0,497.6196,0,0,92.63856,0,0,-18.593,0,0,0
Coast,454,0,0,0,0,499.09717,0,0,92.34843,0,0,-18.133,0,0,0
Coast,455,0,0,0,0,499.8348,0,0,92.204605,0,0,-17.978,0,0,0
Coast,456,0,0,0,0,500.47937,0,0,92.07929,0,0,-17.902,0,0,0
Coast,457,0,0,0,0,501.0312,0,0,91.972046,0,0,-17.875,0,0,0
Coast,458,0,0,0,0,501.58237,0,0,91.864716,0,0,-17.888,0,0,0
Coast,459,0,0,0,0,502.22455,0,0,91.73911,0,0,-17.943,0,0,0
Coast,460,0,0,0,0,502.86584,0,0,91.61283,0,0,-18.04,0,0,0
Coast,461,0,0,0,0,503.68887,0,0,91.44906,0,0,-18.197,0,0,0
Coast,462,0,0,0,0,504.7836,0,0,91.22748,0,0,-18.465,0,0,0
Coast,463,0,0,0,0,506.329,0,0,90.90638,0,0,-18.888,0,0,0
Coast,464,0,0,0,0,508.3196,0,0,90.482414,0,0,-19.271,0,0,0
Coast,465,0,0,0,0,509.1324,0,0,90.30816,0,0,-19.362,0,0,0
Coast,466,0,0,0,0,509.8536,0,0,90.1533,0,0,-19.358,0,0,0
Coast,467,0,0,0,0,510.48373,0,0,90.0182,0,0,-19.299,0,0,0
Coast,468,0,0,0,0,511.20264,0,0,89.86472,0,0,-19.185,0,0,0
Coast,469,0,0,0,0,511.92035,0,0,89.71266,0,0,-19.008,0,0,0
Coast,470,0,0,0,0,512.9049,0,0,89.5065,0,0,-18.742,0,0,0
Coast,471,0,0,0,0,514.33234,0,0,89.213684,0,0,-18.301,0,0,0
Coast,472,0,0,0,0,516.4632,0,0,88.78706,0,0,-17.776,0,0,0
Coast,473,0,0,0,0,517.61444,0,0,88.55781,0,0,-17.635,0,0,0
Coast,474,0,0,0,0,518.6746,0,0,88.34644,0,0,-17.614,0,0,0
Coast,475,0,0,0,0,519.73224,0,0,88.13446,0,0,-17.665,0,0,0
Coast,476,0,0,0,0,521.0503,0,0,87.86847,0,0,-17.733,0,0,0
Coast,477,0,0,0,0,522.9748,0,0,87.476715,0,0,-17.807,0,0,0
Coast,478,0,0,0,0,525.6693,0,0,86.91918,0,0,-17.985,0,0,0
Coast,479,0,0,0,0,529.6297,0,0,86.09514,0,0,-17.914,0,0,0
Coast,480,0,0,0,0,531.51514,0,0,85.70211,0,0,-17.865,0,0,0
Coast,481,0,0,0,0,534.07043,0,0,85.17618,0,0,-17.531,0,0,0
Coast,482,0,0,0,0,537.9521,0,0,84.3841,0,0,-17.219,0,0,0
Coast,483,0,0,0,0,539.8838,0,0,83.98756,0,0,-17.241,0,0,0
Coast,484,0,0,0,0,542.71924,0,0,83.39626,0,0,-17.391,0,0,0
Coast,485,0,0,0,0,545.69904,0,0,82.77256,0,0,-17.325,0,0,0
Coast,486,0,0,0,0,548.1668,0,0,82.25944,0,0,-17.104,0,0,0
Coast,487,0,0,0,0,551.75385,0,0,81.523094,0,0,-16.735,0,0,0
Coast,488,0,0,0,0,554.3456,0,0,80.99212,0,0,-16.593,0,0,0
Coast,489,0,0,0,0,556.60034,0,0,80.52648,0,0,-16.63,0,0,0
Coast,490,0,0,0,0,559.87384,0,0,79.84195,0,0,-16.696,0,0,0
Coast,491,0,0,0,0,563.8245,0,0,79.0131,0,0,-16.577,0,0,0
Coast,492,0,0,0,0,567.7345,0,0,78.199,0,0,-16.282,0,0,0
Coast,493,0,0,0,0,571.60376,0,0,77.385445,0,0,-16.271,0,0,0
Coast,494,0,0,0,0,575.43274,0,0,76.57925,0,0,-16.124,0,0,0
Coast,495,0,0,0,0,579.2217,0,0,75.77924,0,0,-16,0,0,0
Coast,496,0,0,0,0,582.9709,0,0,74.984695,0,0,-15.891,0,0,0
Coast,497,0,0,0,0,586.68115,0,0,74.2055,0,0,-15.584,0,0,0
Coast,498,0,0,0,0,590.3528,0,0,73.4331,0,0,-15.448,0,0,0
Coast,499,0,0,0,0,592.7593,0,0,72.923615,0,0,-15.439,0,0,0
Coast,500,0,0,0,0,596.224,0,0,72.182014,0,0,-15.45,0,0,0
Coast,501,0,0,0,0,599.7946,0,0,71.41292,0,0,-15.382,0,0,0
Coast,502,0,0,0,0,603.3271,0,0,70.64902,0,0,-15.278,0,0,0
Coast,503,0,0,0,0,606.822,0,0,69.89907,0,0,-14.999,0,0,0
Coast,504,0,0,0,0,610.27936,0,0,69.14682,0,0,-15.045,0,0,0
Coast,505,0,0,0,0,613.69934,0,0,68.39952,0,0,-14.946,0,0,0
Coast,506,0,0,0,0,617.08295,0,0,67.67182,0,0,-14.554,0,0,0
Coast,507,0,0,0,0,618.96643,0,0,67.26641,0,0,-14.479,0,0,0
Coast,508,0,0,0,0,621.2367,0,0,66.77191,0,0,-14.544,0,0,0
Coast,509,0,0,0,0,624.4733,0,0,66.05406,0,0,-14.65,0,0,0
Coast,510,0,0,0,0,627.7396,0,0,65.32541,0,0,-14.573,0,0,0
Coast,511,0,0,0,0,630.58624,0,0,64.695595,0,0,-14.314,0,0,0
Coast,512,0,0,0,0,633.7859,0,0,63.993095,0,0,-14.05,0,0,0
Coast,513,0,0,0,0,635.5034,0,0,63.61129,0,0,-14.141,0,0,0
Coast,514,0,0,0,0,638.1498,0,0,63.008884,0,0,-14.343,0,0,0
Coast,515,0,0,0,0,640.2134,0,0,62.534214,0,0,-14.384,0,0,0
Coast,516,0,0,0,0,641.706,0,0,62.19118,0,0,-14.293,0,0,0
Coast,517,0,0,0,0,643.4977,0,0,61.782803,0,0,-14.082,0,0,0
Coast,518,0,0,0,0,646.1289,0,0,61.190605,0,0,-13.772,0,0,0
Coast,519,0,0,0,0,649.15424,0,0,60.507004,0,0,-13.672,0,0,0
Coast,520,0,0,0,0,652.1458,0,0,59.831154,0,0,-13.517,0,0,0
Coast,521,0,0,0,0,654.1645,0,0,59.372494,0,0,-13.49,0,0,0
Coast,522,0,0,0,0,656.9247,0,0,58.72714,0,0,-13.731,0,0,0
Coast,523,0,0,0,0,659.4247,0,0,58.139843,0,0,-13.658,0,0,0
Coast,524,0,0,0,0,661.9569,0,0,57.550507,0,0,-13.394,0,0,0
Coast,525,0,0,0,0,664.80145,0,0,56.890358,0,0,-13.203,0,0,0
Coast,526,0,0,0,0,667.2233,0,0,56.3225,0,0,-13.206,0,0,0
Coast,527,0,0,0,0,670.00616,0,0,55.6573,0,0,-13.304,0,0,0
Coast,528,0,0,0,0,672.7558,0,0,54.9929,0,0,-13.288,0,0,0
Coast,529,0,0,0,0,675.47284,0,0,54.34055,0,0,-13.047,0,0,0
Coast,530,0,0,0,0,678.1578,0,0,53.6988,0,0,-12.835,0,0,0
Coast,531,0,0,0,0,680.1797,0,0,53.20875,0,0,-12.896,0,0,0
Coast,532,0,0,0,0,682.8079,0,0,52.56515,0,0,-12.872,0,0,0
Coast,533,0,0,0,0,685.4039,0,0,51.9193,0,0,-12.917,0,0,0
Coast,534,0,0,0,0,687.96747,0,0,51.2721,0,0,-12.944,0,0,0
Coast,535,0,0,0,0,690.0984,0,0,50.73639,0,0,-12.755,0,0,0
Coast,536,0,0,0,0,692.6041,0,0,50.11504,0,0,-12.427,0,0,0
Coast,537,0,0,0,0,694.3922,0,0,49.668713,0,0,-12.398,0,0,0
Coast,538,0,0,0,0,696.55334,0,0,49.115986,0,0,-12.562,0,0,0
Coast,539,0,0,0,0,698.9774,0,0,48.481487,0,0,-12.69,0,0,0
Coast,540,0,0,0,0,700.8014,0,0,47.99972,0,0,-12.678,0,0,0
Coast,541,0,0,0,0,702.5602,0,0,47.53478,0,0,-12.566,0,0,0
Coast,542,0,0,0,0,704.85986,0,0,46.93213,0,0,-12.299,0,0,0
Coast,543,0,0,0,0,707.1764,0,0,46.33028,0,0,-12.037,0,0,0
Coast,544,0,0,0,0,708.874,0,0,45.88254,0,0,-12.101,0,0,0
Coast,545,0,0,0,0,711.1377,0,0,45.27294,0,0,-12.192,0,0,0
Coast,546,0,0,0,0,713.3714,0,0,44.67409,0,0,-11.977,0,0,0
Coast,547,0,0,0,0,715.5754,0,0,44.08004,0,0,-11.881,0,0,0
Coast,548,0,0,0,0,717.74976,0,0,43.48694,0,0,-11.862,0,0,0
Coast,549,0,0,0,0,719.89417,0,0,42.888737,0,0,-11.964,0,0,0
Coast,550,0,0,0,0,722.0087,0,0,42.291786,0,0,-11.939,0,0,0
Coast,551,0,0,0,0,724.0929,0,0,41.683887,0,0,-12.158,0,0,0
Coast,552,0,0,0,0,725.3734,0,0,41.307205,0,0,-12.151,0,0,0
Coast,553,0,0,0,0,726.60187,0,0,40.947655,0,0,-11.985,0,0,0
Coast,554,0,0,0,0,728.4208,0,0,40.420616,0,0,-11.712,0,0,0
Coast,555,0,0,0,0,730.41315,0,0,39.847015,0,0,-11.472,0,0,0
Coast,556,0,0,0,0,732.067,0,0,39.377792,0,0,-11.172,0,0,0
Coast,557,0,0,0,0,732.85016,0,0,39.155613,0,0,-11.109,0,0,0
Coast,558,0,0,0,0,733.5901,0,0,38.942204,0,0,-11.232,0,0,0
Coast,559,0,0,0,0,734.59485,0,0,38.64471,0,0,-11.442,0,0,0
Coast,560,0,0,0,0,736.0844,0,0,38.194416,0,0,-11.546,0,0,0
Coast,561,0,0,0,0,737.9645,0,0,37.600815,0,0,-11.872,0,0,0
Coast,562,0,0,0,0,739.08167,0,0,37.239586,0,0,-12.041,0,0,0
Coast,563,0,0,0,0,739.8584,0,0,36.985863,0,0,-12.082,0,0,0
Coast,564,0,0,0,0,740.55676,0,0,36.75672,0,0,-12.06,0,0,0
Coast,565,0,0,0,0,741.2508,0,0,36.529026,0,0,-11.984,0,0,0
Coast,566,0,0,0,0,742.0127,0,0,36.280113,0,0,-11.853,0,0,0
Coast,567,0,0,0,0,742.9838,0,0,35.96791,0,0,-11.563,0,0,0
Coast,568,0,0,0,0,744.40466,0,0,35.52071,0,0,-11.18,0,0,0
Coast,569,0,0,0,0,746.1534,0,0,34.97426,0,0,-10.929,0,0,0
Coast,570,0,0,0,0,747.05536,0,0,34.691143,0,0,-10.889,0,0,0
Coast,571,0,0,0,0,747.94995,0,0,34.406574,0,0,-10.945,0,0,0
Coast,572,0,0,0,0,749.0733,0,0,34.041035,0,0,-11.077,0,0,0
Coast,573,0,0,0,0,750.7144,0,0,33.492138,0,0,-11.202,0,0,0
Coast,574,0,0,0,0,752.361,0,0,32.93179,0,0,-11.207,0,0,0
Coast,575,0,0,0,0,753.97925,0,0,32.36459,0,0,-11.344,0,0,0
Coast,576,0,0,0,0,755.56946,0,0,31.80479,0,0,-11.196,0,0,0
Coast,577,0,0,0,0,757.1312,0,0,31.235441,0,0,-11.387,0,0,0
Coast,578,0,0,0,0,758.241,0,0,30.828678,0,0,-11.299,0,0,0
Coast,579,0,0,0,0,759.6359,0,0,30.323505,0,0,-10.982,0,0,0
Coast,580,0,0,0,0,761.12537,0,0,29.788656,0,0,-10.697,0,0,0
Coast,581,0,0,0,0,762.32886,0,0,29.353401,0,0,-10.616,0,0,0
Coast,582,0,0,0,0,763.37177,0,0,28.97018,0,0,-10.645,0,0,0
Coast,583,0,0,0,0,764.6537,0,0,28.48724,0,0,-10.732,0,0,0
Coast,584,0,0,0,0,766.051,0,0,27.94699,0,0,-10.805,0,0,0
Coast,585,0,0,0,0,767.421,0,0,27.400438,0,0,-10.931,0,0,0
Coast,586,0,0,0,0,768.7635,0,0,26.84974,0,0,-11.014,0,0,0
Coast,587,0,0,0,0,770.0786,0,0,26.30229,0,0,-10.949,0,0,0
Coast,588,0,0,0,0,771.36664,0,0,25.76014,0,0,-10.843,0,0,0
Coast,589,0,0,0,0,772.6279,0,0,25.22529,0,0,-10.697,0,0,0
Coast,590,0,0,0,0,773.863,0,0,24.70119,0,0,-10.482,0,0,0
Coast,591,0,0,0,0,775.0717,0,0,24.175041,0,0,-10.523,0,0,0
Coast,592,0,0,0,0,776.2542,0,0,23.649841,0,0,-10.504,0,0,0
Coast,593,0,0,0,0,777.41034,0,0,23.122692,0,0,-10.543,0,0,0
Coast,594,0,0,0,0,778.54004,0,0,22.594492,0,0,-10.564,0,0,0
Coast,595,0,0,0,0,779.6435,0,0,22.069092,0,0,-10.508,0,0,0
Coast,596,0,0,0,0,780.7209,0,0,21.548391,0,0,-10.414,0,0,0
Coast,597,0,0,0,0,781.77264,0,0,21.034792,0,0,-10.272,0,0,0
Coast,598,0,0,0,0,782.79865,0,0,20.519842,0,0,-10.299,0,0,0
Coast,599,0,0,0,0,783.7991,0,0,20.007942,0,0,-10.238,0,0,0
Coast,600,0,0,0,0,784.7738,0,0,19.494041,0,0,-10.278,0,0,0
Coast,601,0,0,0,0,785.7221,0,0,18.966242,0,0,-10.556,0,0,0
Coast,602,0,0,0,0,786.6437,0,0,18.431341,0,0,-10.698,0,0,0
Coast,603,0,0,0,0,787.46893,0,0,17.940245,0,0,-10.676,0,0,0
Coast,604,0,0,0,0,788.30585,0,0,17.435717,0,0,-10.511,0,0,0
Coast,605,0,0,0,0,789.1514,0,0,16.912216,0,0,-10.47,0,0,0
Coast,606,0,0,0,0,789.97144,0,0,16.399767,0,0,-10.249,0,0,0
Coast,607,0,0,0,0,790.7659,0,0,15.889967,0,0,-10.196,0,0,0
Coast,608,0,0,0,0,791.53534,0,0,15.387717,0,0,-10.045,0,0,0
Coast,609,0,0,0,0,792.27954,0,0,14.884367,0,0,-10.067,0,0,0
Coast,610,0,0,0,0,792.99866,0,0,14.382717,0,0,-10.033,0,0,0
Coast,611,0,0,0,0,793.6928,0,0,13.882567,0,0,-10.003,0,0,0
Coast,612,0,0,0,0,794.3618,0,0,13.380617,0,0,-10.039,0,0,0
Coast,613,0,0,0,0,795.00574,0,0,12.878017,0,0,-10.052,0,0,0
Coast,614,0,0,0,0,795.6246,0,0,12.376867,0,0,-10.023,0,0,0
Coast,615,0,0,0,0,796.2184,0,0,11.875768,0,0,-10.022,0,0,0
Coast,616,0,0,0,0,796.787,0,0,11.371918,0,0,-10.077,0,0,0
Coast,617,0,0,0,0,797.33044,0,0,10.869018,0,0,-10.058,0,0,0
Coast,618,0,0,0,0,797.8483,0,0,10.357318,0,0,-10.234,0,0,0
Coast,619,0,0,0,0,798.3409,0,0,9.851068,0,0,-10.125,0,0,0
Coast,620,0,0,0,0,798.80835,0,0,9.349668,0,0,-10.028,0,0,0
Coast,621,0,0,0,0,799.2509,0,0,8.851117,0,0,-9.971,0,0,0
Coast,622,0,0,0,0,799.66833,0,0,8.347867,0,0,-10.065,0,0,0
Coast,623,0,0,0,0,800.06055,0,0,7.844667,0,0,-10.064,0,0,0
Coast,624,0,0,0,0,800.4276,0,0,7.340917,0,0,-10.075,0,0,0
Coast,625,0,0,0,0,800.76965,0,0,6.840817,0,0,-10.002,0,0,0
Coast,626,0,0,0,0,801.08673,0,0,6.341917,0,0,-9.978,0,0,0
Coast,627,0,0,0,0,801.379,0,0,5.845467,0,0,-9.929,0,0,0
Coast,628,0,0,0,0,801.6468,0,0,5.354667,0,0,-9.816,0,0,0
Coast,629,0,0,0,0,801.8904,0,0,4.8723674,0,0,-9.646,0,0,0
Coast,630,0,0,0,0,802.10974,0,0,4.3877673,0,0,-9.692,0,0,0
Coast,631,0,0,0,0,802.3049,0,0,3.9030674,0,0,-9.694,0,0,0
Coast,632,0,0,0,0,802.47565,0,0,3.4156175,0,0,-9.749,0,0,0
Coast,633,0,0,0,0,802.622,0,0,2.9267175,0,0,-9.778,0,0,0
Coast,634,0,0,0,0,802.7438,0,0,2.4358675,0,0,-9.817,0,0,0
Apogee,635,0,0,0,0,802.841,0,0,1.9444175,0,0,-9.829,0,0,0
Apogee,636,0,0,0,0,802.9136,0,0,1.4516675,0,0,-9.855,0,0,0
Apogee,637,0,0,0,0,802.9614,0,0,0.9570675,0,0,-9.892,0,0,0
Apogee,638,0,0,0,0,802.98456,0,0,0.46236748,0,0,-9.894,0,0,0
Apogee,639,0,0,0,0,802.983,0,0,-0.03173253,0,0,-9.882,0,0,0
Apogee,640,0,0,0,0,802.9567,0,0,-0.5250825,0,0,-9.867,0,0,0
Apogee,641,0,0,0,0,802.9059,0,0,-1.0174326,0,0,-9.847,0,0,0
Apogee,642,0,0,0,0,802.8305,0,0,-1.5077326,0,0,-9.806,0,0,0
Apogee,643,0,0,0,0,802.82275,0,0,-1.5561277,0,0,-9.679,0,0,0
Apogee,644,0,0,0,0,800.0392,0,0,-6.025054,0,0,-9.673,0,0,0
Apogee,645,0,0,0,0,794.7452,0,0,-10.588055,0,0,-9.126,0,0,0
Apogee,646,0,0,0,0,787.31665,0,0,-14.857055,0,0,-8.538,0,0,0
Apogee,647,0,0,0,0,777.89886,0,0,-18.835554,0,0,-7.957,0,0,0
Apogee,648,0,0,0,0,766.6786,0,0,-22.440554,0,0,-7.21,0,0,0
Apogee,649,0,0,0,0,753.8693,0,0,-25.618553,0,0,-6.356,0,0,0
Apogee,650,0,0,0,0,739.689,0,0,-28.360554,0,0,-5.484,0,0,0
Apogee,651,0,0,0,0,724.33575,0,0,-30.706554,0,0,-4.692,0,0,0
Apogee,652,0,0,0,0,707.98395,0,0,-32.703556,0,0,-3.994,0,0,0
Apogee,653,0,0,0,0,690.80865,0,0,-34.350555,0,0,-3.294,0,0,0
Apogee,654,0,0,0,0,672.9461,0,0,-35.725056,0,0,-2.749,0,0,0
Apogee,655,0,0,0,0,654.52734,0,0,-36.837555,0,0,-2.225,0,0,0
Apogee,656,0,0,0,0,635.67456,0,0,-37.705555,0,0,-1.736,0,0,0
Apogee,657,0,0,0,0,616.47754,0,0,-38.394054,0,0,-1.377,0,0,0
Apogee,658,0,0,0,0,597.0173,0,0,-38.920555,0,0,-1.053,0,0,0
Apogee,659,0,0,0,0,577.34924,0,0,-39.336056,0,0,-0.831,0,0,0
Apogee,660,0,0,0,0,557.51874,0,0,-39.661057,0,0,-0.65,0,0,0
Apogee,661,0,0,0,0,537.56696,0,0,-39.903557,0,0,-0.485,0,0,0
Apogee,662,0,0,0,0,517.53094,0,0,-40.072056,0,0,-0.337,0,0,0
Apogee,663,0,0,0,0,497.42966,0,0,-40.202557,0,0,-0.261,0,0,0
Apogee,664,0,0,0,0,477.2819,0,0,-40.295555,0,0,-0.186,0,0,0
Apogee,665,0,0,0,0,457.09937,0,0,-40.365055,0,0,-0.139,0,0,0
Apogee,666,0,0,0,0,436.8956,0,0,-40.407555,0,0,-0.085,0,0,0
Apogee,667,0,0,0,0,416.6761,0,0,-40.439056,0,0,-0.063,0,0,0
Apogee,668,0,0,0,0,396.44907,0,0,-40.454056,0,0,-0.03,0,0,0
Apogee,669,0,0,0,0,376.22302,0,0,-40.452057,0,0,0.004,0,0,0
Apogee,670,0,0,0,0,356.00174,0,0,-40.44256,0,0,0.019,0,0,0
Apogee,671,0,0,0,0,335.7872,0,0,-40.429058,0,0,0.027,0,0,0
Apogee,672,0,0,0,0,315.58368,0,0,-40.40706,0,0,0.044,0,0,0
Apogee,673,0,0,0,0,295.3944,0,0,-40.37856,0,0,0.057,0,0,0
Apogee,674,0,0,0,0,275.21814,0,0,-40.35256,0,0,0.052,0,0,0
Apogee,675,0,0,0,0,255.0561,0,0,-40.32406,0,0,0.057,0,0,0
Apogee,676,0,0,0,0,234.91008,0,0,-40.292057,0,0,0.064,0,0,0
Apogee,677,0,0,0,0,214.7803,0,0,-40.259556,0,0,0.065,0,0,0
Apogee,678,0,0,0,0,194.66728,0,0,-40.226055,0,0,0.067,0,0,0
Apogee,679,0,0,0,0,174.5715,0,0,-40.191555,0,0,0.069,0,0,0
Apogee,680,0,0,0,0,154.49347,0,0,-40.156055,0,0,0.071,0,0,0
Parachute,681,0,0,0,0,134.43369,0,0,-40.119556,0,0,0.073,0,0,0
Landed,682,0,0,0,0,114.39241,0,0,-40.082558,0,0,0.074,0,0,0
Landed,683,0,0,0,0,94.36963,0,0,-40.04556,0,0,0.074,0,0,0
Landed,684,0,0,0,0,94.3299,0,0,-39.726303,0,0,319.254,0,0,0
Landed,685,0,0,0,0,94.29049,0,0,-39.415344,0,0,310.957,0,0,0
Landed,686,0,0,0,0,94.25138,0,0,-39.109493,0,0,305.852,0,0,0
Landed,687,0,0,0,0,94.21257,0,0,-38.808624,0,0,300.87,0,0,0
Landed,688,0,0,0,0,94.17406,0,0,-38.512615,0,0,296.009,0,0,0
Landed,689,0,0,0,0,94.13583,0,0,-38.22135,0,0,291.263,0,0,0
Landed,690,0,0,0,0,94.0979,0,0,-37.934723,0,0,286.629,0,0,0
Landed,691,0,0,0,0,94.06025,0,0,-37.65262,0,0,282.105,0,0,0
Landed,692,0,0,0,0,94.02287,0,0,-37.37493,0,0,277.686,0,0,0
Landed,693,0,0,0,0,93.98577,0,0,-37.101563,0,0,273.368,0,0,0
Landed,694,0,0,0,0,93.94894,0,0,-36.832413,0,0,269.15,0,0,0
Landed,695,0,0,0,0,93.91237,0,0,-36.567383,0,0,265.028,0,0,0
Landed,696,0,0,0,0,93.87606,0,0,-36.306385,0,0,260.999,0,0,0
Landed,697,0,0,0,0,93.84001,0,0,-36.049324,0,0,257.061,0,0,0
Landed,698,0,0,0,0,93.804214,0,0,-35.796116,0,0,253.21,0,0,0
Landed,699,0,0,0,0,93.76867,0,0,-35.546673,0,0,249.444,0,0,0
Landed,700,0,0,0,0,93.73337,0,0,-35.30091,0,0,245.76,0,0,0
Landed,701,0,0,0,0,93.69831,0,0,-35.058754,0,0,242.157,0,0,0
Landed,702,0,0,0,0,93.66349,0,0,-34.82012,0,0,238.632,0,0,0
Landed,703,0,0,0,0,93.62891,0,0,-34.584938,0,0,235.182,0,0,0
Landed,704,0,0,0,0,93.59455,0,0,-34.35313,0,0,231.806,0,0,0
Landed,705,0,0,0,0,93.560425,0,0,-34.12463,0,0,228.501,0,0,0
Landed,706,0,0,0,0,93.52653,0,0,-33.899364,0,0,225.266,0,0,0
Landed,707,0,0,0,0,93.49285,0,0,-33.677265,0,0,222.098,0,0,0
Landed,708,0,0,0,0,93.4594,0,0,-33.45827,0,0,218.995,0,0,0
Landed,709,0,0,0,0,93.426155,0,0,-33.242313,0,0,215.956,0,0,0
Landed,710,0,0,0,0,93.39313,0,0,-33.029335,0,0,212.98,0,0,0
Landed,711,0,0,0,0,93.360306,0,0,-32.81927,0,0,210.064,0,0,0
Landed,712,0,0,0,0,93.32769,0,0,-32.612064,0,0,207.206,0,0,0
Landed,713,0,0,0,0,93.29528,0,0,-32.407658,0,0,204.406,0,0,0
Landed,714,0,0,0,0,93.26308,0,0,-32.205997,0,0,201.661,0,0,0
Landed,715,0,0,0,0,93.23107,0,0,-32.007027,0,0,198.971,0,0,0
Landed,716,0,0,0,0,93.199265,0,0,-31.810694,0,0,196.333,0,0,0
Landed,717,0,0,0,0,93.16765,0,0,-31.616947,0,0,193.747,0,0,0
Landed,718,0,0,0,0,93.13622,0,0,-31.425735,0,0,191.211,0,0,0
Landed,719,0,0,0,0,93.10499,0,0,-31.237011,0,0,188.724,0,0,0
Landed,720,0,0,0,0,93.07394,0,0,-31.050728,0,0,186.284,0,0,0
Landed,721,0,0,0,0,93.04307,0,0,-30.866838,0,0,183.89,0,0,0
Landed,722,0,0,0,0,93.01238,0,0,-30.685297,0,0,181.542,0,0,0
Landed,723,0,0,0,0,92.98188,0,0,-30.50606,0,0,179.237,0,0,0
Landed,724,0,0,0,0,92.95155,0,0,-30.329084,0,0,176.976,0,0,0
Landed,725,0,0,0,0,92.9214,0,0,-30.15433,0,0,174.756,0,0,0
Landed,726,0,0,0,0,92.89142,0,0,-29.98175,0,0,172.578,0,0,0
Landed,727,0,0,0,0,92.86161,0,0,-29.811312,0,0,170.439,0,0,0
Landed,728,0,0,0,0,92.83197,0,0,-29.642973,0,0,168.339,0,0,0
Landed,729,0,0,0,0,92.80249,0,0,-29.476696,0,0,166.277,0,0,0
Landed,730,0,0,0,0,92.77318,0,0,-29.312445,0,0,164.252,0,0,0
Landed,731,0,0,0,0,92.744026,0,0,-29.15018,0,0,162.263,0,0,0
Landed,732,0,0,0,0,92.715034,0,0,-28.989872,0,0,160.309,0,0,0
Landed,733,0,0,0,0,92.6862,0,0,-28.831482,0,0,158.39,0,0,0
Landed,734,0,0,0,0,92.65753,0,0,-28.674976,0,0,156.505,0,0,0
Landed,735,0,0,0,0,92.62901,0,0,-28.520325,0,0,154.652,0,0,0
Landed,736,0,0,0,0,92.60065,0,0,-28.367493,0,0,152.832,0,0,0
Landed,737,0,0,0,0,92.57243,0,0,-28.21645,0,0,151.043,0,0,0
Landed,738,0,0,0,0,92.544365,0,0,-28.067165,0,0,149.285,0,0,0
Landed,739,0,0,0,0,92.51645,0,0,-27.91961,0,0,147.556,0,0,0
Landed,740,0,0,0,0,92.48868,0,0,-27.773752,0,0,145.857,0,0,0
Landed,741,0,0,0,0,92.46105,0,0,-27.629564,0,0,144.187,0,0,0
Landed,742,0,0,0,0,92.43356,0,0,-27.48702,0,0,142.544,0,0,0
Landed,743,0,0,0,0,92.40622,0,0,-27.346092,0,0,140.929,0,0,0
Landed,744,0,0,0,0,92.37901,0,0,-27.20675,0,0,139.341,0,0,0
Landed,745,0,0,0,0,92.351944,0,0,-27.068972,0,0,137.779,0,0,0
Landed,746,0,0,0,0,92.32501,0,0,-26.93273,0,0,136.242,0,0,0
Landed,747,0,0,0,0,92.29822,0,0,-26.797998,0,0,134.731,0,0,0
Landed,748,0,0,0,0,92.27155,0,0,-26.664755,0,0,133.244,0,0,0
Landed,749,0,0,0,0,92.24502,0,0,-26.532974,0,0,131.78,0,0,0
Landed,750,0,0,0,0,92.21861,0,0,-26.402634,0,0,130.341,0,0,0
Landed,751,0,0,0,0,92.19234,0,0,-26.27371,0,0,128.924,0,0,0
Landed,752,0,0,0,0,92.16619,0,0,-26.146181,0,0,127.53,0,0,0
Landed,753,0,0,0,0,92.140175,0,0,-26.020023,0,0,126.158,0,0,0
Landed,754,0,0,0,0,92.11428,0,0,-25.895216,0,0,124.807,0,0,0
Landed,755,0,0,0,0,92.08851,0,0,-25.771738,0,0,123.478,0,0,0
Landed,756,0,0,0,0,92.06286,0,0,-25.649569,0,0,122.169,0,0,0
Landed,757,0,0,0,0,92.03733,0,0,-25.528688,0,0,120.88,0,0,0
Landed,758,0,0,0,0,92.011925,0,0,-25.409077,0,0,119.612,0,0,0
Landed,759,0,0,0,0,91.98663,0,0,-25.290714,0,0,118.362,0,0,0
Landed,760,0,0,0,0,91.96146,0,0,-25.173582,0,0,117.132,0,0,0
Landed,761,0,0,0,0,91.9364,0,0,-25.057663,0,0,115.92,0,0,0
Landed,762,0,0,0,0,91.91146,0,0,-24.942938,0,0,114.726,0,0,0
Landed,763,0,0,0,0,91.886635,0,0,-24.829388,0,0,113.551,0,0,0
Landed,764,0,0,0,0,91.861916,0,0,-24.716995,0,0,112.393,0,0,0
Landed,765,0,0,0,0,91.83731,0,0,-24.605743,0,0,111.252,0,0,0
Landed,766,0,0,0,0,91.81281,0,0,-24.495615,0,0,110.128,0,0,0
Landed,767,0,0,0,0,91.78843,0,0,-24.386595,0,0,109.02,0,0,0
Landed,768,0,0,0,0,91.76415,0,0,-24.278666,0,0,107.929,0,0,0
Landed,769,0,0,0,0,91.73998,0,0,-24.171812,0,0,106.854,0,0,0
Landed,770,0,0,0,0,91.71592,0,0,-24.066017,0,0,105.794,0,0,0
Landed,771,0,0,0,0,91.691956,0,0,-23.961267,0,0,104.749,0,0,0
Landed,772,0,0,0,0,91.6681,0,0,-23.857548,0,0,103.72,0,0,0
Landed,773,0,0,0,0,91.64434,0,0,-23.754843,0,0,102.705,0,0,0
Landed,774,0,0,0,0,91.62069,0,0,-23.65314,0,0,101.704,0,0,0
Landed,775,0,0,0,0,91.59714,0,0,-23.552422,0,0,100.718,0,0,0
Landed,776,0,0,0,0,91.573685,0,0,-23.452688,0,0,99.733,0,0,0
Landed,777,0,0,0,0,91.55033,0,0,-23.35394,0,0,98.749,0,0,0
Landed,778,0,0,0,0,91.52708,0,0,-23.256176,0,0,97.764,0,0,0
Landed,779,0,0,0,0,91.48095,0,0,-23.062616,0,0,96.78,0,0,0
Landed,780,0,0,0,0,91.457985,0,0,-22.966822,0,0,95.795,0,0,0
Landed,781,0,0,0,0,91.43511,0,0,-22.872011,0,0,94.811,0,0,0
Landed,782,0,0,0,0,91.41233,0,0,-22.778185,0,0,93.827,0,0,0
Landed,783,0,0,0,0,91.38965,0,0,-22.685343,0,0,92.843,0,0,0
Landed,784,0,0,0,0,91.36706,0,0,-22.593483,0,0,91.86,0,0,0
Landed,785,0,0,0,0,91.34456,0,0,-22.502607,0,0,90.876,0,0,0
Landed,786,0,0,0,0,91.29991,0,0,-22.32282,0,0,89.893,0,0,0
Landed,787,0,0,0,0,91.27768,0,0,-22.233912,0,0,88.91,0,0,0
Landed,788,0,0,0,0,91.25553,0,0,-22.145985,0,0,87.927,0,0,0
Landed,789,0,0,0,0,91.233475,0,0,-22.05904,0,0,86.944,0,0,0
Landed,790,0,0,0,0,91.1897,0,0,-21.887117,0,0,85.961,0,0,0
Landed,791,0,0,0,0,91.16789,0,0,-21.80214,0,0,84.979,0,0,0
Landed,792,0,0,0,0,91.14617,0,0,-21.718143,0,0,83.996,0,0,0
Landed,793,0,0,0,0,91.124535,0,0,-21.63513,0,0,83.014,0,0,0
Landed,794,0,0,0,0,91.08159,0,0,-21.471066,0,0,82.032,0,0,0
Landed,795,0,0,0,0,91.060196,0,0,-21.390015,0,0,81.05,0,0,0
Landed,796,0,0,0,0,91.01774,0,0,-21.229877,0,0,80.069,0,0,0
Landed,797,0,0,0,0,90.99659,0,0,-21.150791,0,0,79.087,0,0,0
Landed,798,0,0,0,0,90.9546,0,0,-20.99458,0,0,78.106,0,0,0
Landed,799,0,0,0,0,90.93368,0,0,-20.917454,0,0,77.125,0,0,0
Landed,800,0,0,0,0,90.89215,0,0,-20.765165,0,0,76.144,0,0,0
Landed,801,0,0,0,0,90.87146,0,0,-20.69,0,0,75.164,0,0,0
Landed,802,0,0,0,0,90.830376,0,0,-20.541632,0,0,74.184,0,0,0
Landed,803,0,0,0,0,90.809906,0,0,-20.468428,0,0,73.204,0,0,0
Landed,804,0,0,0,0,90.76926,0,0,-20.32398,0,0,72.224,0,0,0
Landed,805,0,0,0,0,90.7289,0,0,-20.181492,0,0,71.244,0,0,0
Landed,806,0,0,0,0,90.708786,0,0,-20.111227,0,0,70.265,0,0,0
Landed,807,0,0,0,0,90.66884,0,0,-19.972654,0,0,69.286,0,0,0
Landed,808,0,0,0,0,90.629166,0,0,-19.83604,0,0,68.307,0,0,0
Landed,809,0,0,0,0,90.58976,0,0,-19.701387,0,0,67.327,0,0,0
Landed,810,0,0,0,0,90.57012,0,0,-19.63504,0,0,66.348,0,0,0
Landed,811,0,0,0,0,90.53111,0,0,-19.504303,0,0,65.369,0,0,0
Landed,812,0,0,0,0,90.49236,0,0,-19.37552,0,0,64.391,0,0,0
Landed,813,0,0,0,0,90.453865,0,0,-19.248697,0,0,63.412,0,0,0
Landed,814,0,0,0,0,90.41562,0,0,-19.123827,0,0,62.435,0,0,0
Landed,815,0,0,0,0,90.37762,0,0,-19.000914,0,0,61.457,0,0,0
Landed,816,0,0,0,0,90.33986,0,0,-18.879953,0,0,60.48,0,0,0
Landed,817,0,0,0,0,90.30234,0,0,-18.760948,0,0,59.503,0,0,0
Landed,818,0,0,0,0,90.24658,0,0,-18.585367,0,0,58.527,0,0,0
Landed,819,0,0,0,0,90.20964,0,0,-18.470266,0,0,57.55,0,0,0
Landed,820,0,0,0,0,90.17293,0,0,-18.357117,0,0,56.575,0,0,0
Landed,821,0,0,0,0,90.118355,0,0,-18.19032,0,0,55.599,0,0,0
Landed,822,0,0,0,0,90.08219,0,0,-18.081072,0,0,54.624,0,0,0
Landed,823,0,0,0,0,90.04624,0,0,-17.973772,0,0,53.65,0,0,0
Landed,824,0,0,0,0,89.9928,0,0,-17.815746,0,0,52.675,0,0,0
Landed,825,0,0,0,0,89.93982,0,0,-17.66064,0,0,51.702,0,0,0
Landed,826,0,0,0,0,89.9047,0,0,-17.559185,0,0,50.728,0,0,0
Landed,827,0,0,0,0,89.85247,0,0,-17.40992,0,0,49.755,0,0,0
Landed,828,0,0,0,0,89.80068,0,0,-17.26357,0,0,48.783,0,0,0
Landed,829,0,0,0,0,89.74932,0,0,-17.120138,0,0,47.811,0,0,0
Landed,830,0,0,0,0,89.69838,0,0,-16.979618,0,0,46.84,0,0,0
Landed,831,0,0,0,0,89.64785,0,0,-16.842016,0,0,45.867,0,0,0
Landed,832,0,0,0,0,89.597725,0,0,-16.70731,0,0,44.902,0,0,0
Landed,833,0,0,0,0,89.548,0,0,-16.575497,0,0,43.938,0,0,0
Landed,834,0,0,0,0,89.48238,0,0,-16.4036,0,0,42.974,0,0,0
Landed,835,0,0,0,0,89.43355,0,0,-16.277567,0,0,42.011,0,0,0
Landed,836,0,0,0,0,89.369095,0,0,-16.11337,0,0,41.049,0,0,0
Landed,837,0,0,0,0,89.32111,0,0,-15.993107,0,0,40.088,0,0,0
Landed,838,0,0,0,0,89.25777,0,0,-15.836598,0,0,39.127,0,0,0
Landed,839,0,0,0,0,89.19503,0,0,-15.68393,0,0,38.167,0,0,0
Landed,840,0,0,0,0,89.13289,0,0,-15.535103,0,0,37.207,0,0,0
Landed,841,0,0,0,0,89.05612,0,0,-15.353858,0,0,36.249,0,0,0
Landed,842,0,0,0,0,88.99527,0,0,-15.212694,0,0,35.291,0,0,0
Landed,843,0,0,0,0,88.92007,0,0,-15.041024,0,0,34.334,0,0,0
Landed,844,0,0,0,0,88.860435,0,0,-14.907513,0,0,33.378,0,0,0
Landed,845,0,0,0,0,88.786705,0,0,-14.745418,0,0,32.419,0,0,0
Landed,846,0,0,0,0,88.69936,0,0,-14.5566635,0,0,31.459,0,0,0
Landed,847,0,0,0,0,88.62734,0,0,-14.404163,0,0,30.5,0,0,0
Landed,848,0,0,0,0,88.54198,0,0,-14.226917,0,0,29.541,0,0,0
Landed,849,0,0,0,0,88.45764,0,0,-14.055408,0,0,28.585,0,0,0
Landed,850,0,0,0,0,88.374306,0,0,-13.889633,0,0,27.629,0,0,0
Landed,851,0,0,0,0,88.29193,0,0,-13.729583,0,0,26.675,0,0,0
Landed,852,0,0,0,0,88.19708,0,0,-13.549529,0,0,25.722,0,0,0
Landed,853,0,0,0,0,88.10345,0,0,-13.376139,0,0,24.77,0,0,0
Landed,854,0,0,0,0,87.99796,0,0,-13.185571,0,0,23.821,0,0,0
Landed,855,0,0,0,0,87.89394,0,0,-13.002586,0,0,22.873,0,0,0
Landed,856,0,0,0,0,87.79133,0,0,-12.827178,0,0,21.926,0,0,0
Landed,857,0,0,0,0,87.67758,0,0,-12.63834,0,0,20.982,0,0,0
Landed,858,0,0,0,0,87.56546,0,0,-12.45798,0,0,20.04,0,0,0
Landed,859,0,0,0,0,87.44279,0,0,-12.26698,0,0,19.1,0,0,0
Landed,860,0,0,0,0,87.31005,0,0,-12.067209,0,0,18.161,0,0,0
Landed,861,0,0,0,0,87.1794,0,0,-11.877712,0,0,17.227,0,0,0
Landed,862,0,0,0,0,87.039215,0,0,-11.68216,0,0,16.296,0,0,0
Landed,863,0,0,0,0,86.87868,0,0,-11.467009,0,0,15.368,0,0,0
Landed,864,0,0,0,0,86.72097,0,0,-11.264807,0,0,14.443,0,0,0
Landed,865,0,0,0,0,86.555046,0,0,-11.061842,0,0,13.531,0,0,0
Landed,866,0,0,0,0,86.38129,0,0,-10.859762,0,0,12.63,0,0,0
Landed,867,0,0,0,0,86.179184,0,0,-10.636873,0,0,11.731,0,0,0
Landed,868,0,0,0,0,85.98099,0,0,-10.431255,0,0,10.822,0,0,0
Landed,869,0,0,0,0,85.75631,0,0,-10.21262,0,0,9.938,0,0,0
Landed,870,0,0,0,0,85.50665,0,0,-9.98617,0,0,9.058,0,0,0
Landed,871,0,0,0,0,85.25255,0,0,-9.773255,0,0,8.189,0,0,0
Landed,872,0,0,0,0,84.95665,0,0,-9.545002,0,0,7.363,0,0,0
Landed,873,0,0,0,0,84.63962,0,0,-9.324512,0,0,6.485,0,0,0
Landed,874,0,0,0,0,84.28462,0,0,-9.102367,0,0,5.696,0,0,0
Landed,875,0,0,0,0,83.85038,0,0,-8.862121,0,0,4.903,0,0,0
Landed,876,0,0,0,0,83.37526,0,0,-8.638491,0,0,4.066,0,0,0
Landed,877,0,0,0,0,82.81949,0,0,-8.420756,0,0,3.299,0,0,0
Landed,878,0,0,0,0,82.178406,0,0,-8.2190485,0,0,2.586,0,0,0
Landed,879,0,0,0,0,81.580894,0,0,-8.074452,0,0,1.954,0,0,0
Landed,880,0,0,0,0,80.31228,0,0,-7.8309665,0,0,1.503,0,0,0
Landed,881,0,0,0,0,79.05586,0,0,-7.7080646,0,0,0.754,0,0,0
Landed,882,0,0,0,0,75.688484,0,0,-7.5332875,0,0,0.391,0,0,0
Landed,883,0,0,0,0,71.89534,0,0,-7.5862875,0,0,-0.106,0,0,0
Landed,884,0,0,0,0,68.11269,0,0,-7.5652876,0,0,0.042,0,0,0
Landed,885,0,0,0,0,64.3293,0,0,-7.5667877,0,0,-0.003,0,0,0
Landed,886,0,0,0,0,60.562157,0,0,-7.534288,0,0,0.065,0,0,0
Landed,887,0,0,0,0,57.60842,0,0,-7.573678,0,0,-0.101,0,0,0
Landed,888,0,0,0,0,54.959793,0,0,-7.545949,0,0,0.079,0,0,0
Landed,889,0,0,0,0,51.176067,0,0,-7.567449,0,0,-0.043,0,0,0
Landed,890,0,0,0,0,47.394344,0,0,-7.563449,0,0,0.008,0,0,0
Landed,891,0,0,0,0,43.62012,0,0,-7.548449,0,0,0.03,0,0,0
Landed,892,0,0,0,0,40.305653,0,0,-7.567283,0,0,-0.043,0,0,0
Landed,893,0,0,0,0,37.347927,0,0,-7.526018,0,0,0.105,0,0,0
Landed,894,0,0,0,0,33.927372,0,0,-7.567602,0,0,-0.092,0,0,0
Landed,895,0,0,0,0,30.154572,0,0,-7.5456023,0,0,0.044,0,0,0
Landed,896,0,0,0,0,27.556637,0,0,-7.5521383,0,0,-0.019,0,0,0
Landed,897,0,0,0,0,25.342745,0,0,-7.5559473,0,0,-0.013,0,0,0
Landed,898,0,0,0,0,21.56327,0,0,-7.558947,0,0,-0.006,0,0,0
Landed,899,0,0,0,0,18.932749,0,0,-7.537309,0,0,0.062,0,0,0
Landed,900,0,0,0,0,15.161095,0,0,-7.543309,0,0,-0.012,0,0,0
Landed,901,0,0,0,0,12.354641,0,0,-7.463973,0,0,0.211,0,0,0
Landed,902,0,0,0,0,11.236692,0,0,-7.503011,0,0,-0.262,0,0,0
Landed,903,0,0,0,0,8.624848,0,0,-7.548683,0,0,-0.132,0,0,0
Landed,904,0,0,0,0,7.4932284,0,0,-7.494172,0,0,0.361,0,0,0
Landed,905,0,0,0,0,6.071141,0,0,-7.484672,0,0,0.05,0,0,0
Landed,906,0,0,0,0,4.479042,0,0,-7.5099,0,0,-0.119,0,0,0
Landed,907,0,0,0,0,3.0779107,0,0,-7.532964,0,0,-0.124,0,0,0
Landed,908,0,0,0,0,-0.7025714,0,0,-7.560964,0,0,-0.056,0,0,0
Landed,909,0,0,0,0,-4.4755535,0,0,-7.5459642,0,0,0.03,0,0,0
Landed,910,0,0,0,0,-8.252035,0,0,-7.552964,0,0,-0.014,0,0,0
Landed,911,0,0,0,0,-12.019768,0,0,-7.5354643,0,0,0.035,0,0,0
Landed,912,0,0,0,0,-14.643562,0,0,-7.5396404,0,0,-0.012,0,0,0
Landed,913,0,0,0,0,-18.402132,0,0,-7.5171404,0,0,0.045,0,0,0
Landed,914,0,0,0,0,-20.975012,0,0,-7.5451026,0,0,-0.082,0,0,0
Landed,915,0,0,0,0,-24.741564,0,0,-7.5331025,0,0,0.024,0,0,0
Landed,916,0,0,0,0,-26.811275,0,0,-7.5262275,0,0,0.025,0,0,0
Landed,917,0,0,0,0,-28.952919,0,0,-7.5409956,0,0,-0.052,0,0,0
Landed,918,0,0,0,0,-31.152502,0,0,-7.5328197,0,0,0.028,0,0,0
Landed,919,0,0,0,0,-34.924664,0,0,-7.5443196,0,0,-0.023,0,0,0
Landed,920,0,0,0,0,-38.695072,0,0,-7.5408196,0,0,0.007,0,0,0
Landed,921,0,0,0,0,-42.454483,0,0,-7.51882,0,0,0.044,0,0,0
Landed,922,0,0,0,0,-46.227142,0,0,-7.54532,0,0,-0.053,0,0,0
Landed,923,0,0,0,0,-48.42543,0,0,-7.528384,0,0,0.058,0,0,0
